[null,first_name,last_name,email,gender,null,null]
[1,Arabella,Douse,adouse0@fotki.com,Female,null,null]
[2,Francisco,Gagan,fgagan1@sohu.com,Male,null,null]
[3,Justino,Sampson,jsampson2@weebly.com,Agender,null,null]
[4,Layton,Bradburne,lbradburne3@pcworld.com,Male,null,null]
[5,Gallagher,Gairdner,ggairdner4@istockphoto.com,Male,null,null]
[6,Lanna,Alred,lalred5@domainmarket.com,Female,null,null]
[7,Talbot,Upshall,tupshall6@e-recht24.de,Male,null,null]
[8,Leoine,Pauel,lpauel7@earthlink.net,Female,null,null]
[9,Norri,Lutas,nlutas8@google.com,Agender,null,null]
[10,Lacie,Losemann,llosemann9@msn.com,Female,null,null]
[11,Kenny,Higgan,khiggana@irs.gov,Male,null,null]
[12,Sophia,Keyho,skeyhob@yahoo.com,Female,null,null]
[13,Claudie,Huddlestone,chuddlestonec@naver.com,Female,null,null]
[14,Brynne,Freckingham,bfreckinghamd@columbia.edu,Female,null,null]
[15,Auberon,Clewlow,aclewlowe@arstechnica.com,Male,null,null]
[16,Kliment,Eseler,keselerf@weibo.com,Male,null,null]
[17,Stearn,Hollington,shollingtong@marriott.com,Male,null,null]
[18,Lynea,Kinkade,lkinkadeh@skyrock.com,Female,null,null]
[19,Stevy,Halbert,shalberti@nationalgeographic.com,Male,null,null]
[20,Babbette,Sewall,bsewallj@uiuc.edu,Female,null,null]
[21,Melodie,Edgcombe,medgcombek@walmart.com,Female,null,null]
[22,Marian,Dukesbury,mdukesburyl@opensource.org,Female,null,null]
[23,Kamila,Stalley,kstalleym@army.mil,Female,null,null]
[24,Farlay,Diggle,fdigglen@e-recht24.de,Agender,null,null]
[25,Brooks,Curle,bcurleo@blinklist.com,Female,null,null]
[26,Brinn,Faulkener,bfaulkenerp@phpbb.com,Female,null,null]
[27,Humfrid,Castiglioni,hcastiglioniq@clickbank.net,Male,null,null]
[28,Cammy,Feehery,cfeeheryr@goo.ne.jp,Bigender,null,null]
[29,Ulrikaumeko,Outibridge,uoutibridges@nbcnews.com,Female,null,null]
[30,Christian,Forstall,cforstallt@eepurl.com,Female,null,null]
[31,Ugo,Ribchester,uribchesteru@hao123.com,Male,null,null]
[32,Fredia,John,fjohnv@unblog.fr,Female,null,null]
[33,Odelia,Moggan,omogganw@weebly.com,Female,null,null]
[34,Charmain,Corley,ccorleyx@macromedia.com,Female,null,null]
[35,Hollis,Fayers,hfayersy@1688.com,Male,null,null]
[36,Cristin,MacDunleavy,cmacdunleavyz@washingtonpost.com,Female,null,null]
[37,Hymie,Le Strange,hlestrange10@geocities.com,Male,null,null]
[38,Kleon,Klasing,kklasing11@goo.gl,Male,null,null]
[39,Libby,Blemings,lblemings12@who.int,Female,null,null]
[40,Britte,Braidford,bbraidford13@omniture.com,Female,null,null]
[41,Aurelie,Bode,abode14@bravesites.com,Female,null,null]
[42,Angelina,Carlan,acarlan15@vistaprint.com,Female,null,null]
[43,Worth,Neller,wneller16@joomla.org,Male,null,null]
[44,Minnaminnie,Cosson,mcosson17@squidoo.com,Female,null,null]
[45,Irv,Plaister,iplaister18@geocities.com,Male,null,null]
[46,Johny,Bendik,jbendik19@nhs.uk,Male,null,null]
[47,Juan,Spittal,jspittal1a@eventbrite.com,Male,null,null]
[48,Willow,Woller,wwoller1b@google.fr,Female,null,null]
[49,Wade,Guilliatt,wguilliatt1c@arstechnica.com,Male,null,null]
[50,Merilyn,Lucy,mlucy1d@cnbc.com,Female,null,null]
[51,Sonja,Nurden,snurden1e@huffingtonpost.com,Female,null,null]
[52,Sigismund,Edwards,sedwards1f@hostgator.com,Male,null,null]
[53,Birgit,Carnegy,bcarnegy1g@theglobeandmail.com,Female,null,null]
[54,Victor,Trubshawe,vtrubshawe1h@umich.edu,Male,null,null]
[55,Avigdor,Guillet,aguillet1i@berkeley.edu,Male,null,null]
[56,Morna,Keer,mkeer1j@webmd.com,Female,null,null]
[57,Ericha,Hinze,ehinze1k@princeton.edu,Female,null,null]
[58,Latrina,Gersam,lgersam1l@csmonitor.com,Female,null,null]
[59,Karil,Poinsett,kpoinsett1m@biglobe.ne.jp,Female,null,null]
[60,Stearne,Amos,samos1n@networkadvertising.org,Male,null,null]
[61,Bink,Lakin,blakin1o@technorati.com,Male,null,null]
[62,Anne-marie,Norssister,anorssister1p@macromedia.com,Genderfluid,null,null]
[63,Reynold,Shallo,rshallo1q@tiny.cc,Male,null,null]
[64,Mame,Burfoot,mburfoot1r@hatena.ne.jp,Female,null,null]
[65,Katrine,Caurah,kcaurah1s@yahoo.co.jp,Female,null,null]
[66,Jessy,Jorden,jjorden1t@cisco.com,Female,null,null]
[67,Bald,Medlen,bmedlen1u@dropbox.com,Male,null,null]
[68,Fae,Gotthard,fgotthard1v@sbwire.com,Female,null,null]
[69,Skipper,Carle,scarle1w@paginegialle.it,Male,null,null]
[70,Kleon,Kisar,kkisar1x@businessweek.com,Male,null,null]
[71,Case,Goodyer,cgoodyer1y@msn.com,Male,null,null]
[72,Neilla,Usborn,nusborn1z@drupal.org,Female,null,null]
[73,Hayes,Mc Gaughey,hmcgaughey20@oracle.com,Male,null,null]
[74,Tisha,Farreil,tfarreil21@joomla.org,Female,null,null]
[75,Waite,O'Cannavan,wocannavan22@bravesites.com,Male,null,null]
[76,Marcelia,Callingham,mcallingham23@furl.net,Female,null,null]
[77,Amabel,Readwood,areadwood24@123-reg.co.uk,Female,null,null]
[78,Xylina,Woolger,xwoolger25@barnesandnoble.com,Female,null,null]
[79,Jolie,Blakiston,jblakiston26@tinypic.com,Female,null,null]
[80,Tommie,Flute,tflute27@squidoo.com,Male,null,null]
[81,Gaile,Scotson,gscotson28@timesonline.co.uk,Male,null,null]
[82,Diandra,Damerell,ddamerell29@webnode.com,Female,null,null]
[83,Nollie,Dawdry,ndawdry2a@foxnews.com,Male,null,null]
[84,Gian,Gabbatt,ggabbatt2b@unicef.org,Male,null,null]
[85,Gustave,Griniov,ggriniov2c@reverbnation.com,Male,null,null]
[86,Remy,Greeves,rgreeves2d@artisteer.com,Female,null,null]
[87,Alden,Whitsey,awhitsey2e@naver.com,Male,null,null]
[88,Beltran,Fellos,bfellos2f@vk.com,Male,null,null]
[89,Diannne,Karpf,dkarpf2g@sciencedaily.com,Female,null,null]
[90,Corney,Elner,celner2h@bloomberg.com,Male,null,null]
[91,Berkley,Hussy,bhussy2i@cargocollective.com,Male,null,null]
[92,Marketa,St. Quintin,mstquintin2j@ocn.ne.jp,Female,null,null]
[93,Jaclin,Staig,jstaig2k@hugedomains.com,Non-binary,null,null]
[94,Edsel,Cutts,ecutts2l@delicious.com,Male,null,null]
[95,Catlin,Edmead,cedmead2m@bluehost.com,Female,null,null]
[96,Charmion,Dungey,cdungey2n@clickbank.net,Female,null,null]
[97,Roch,Shutt,rshutt2o@icq.com,Female,null,null]
[98,Beatriz,Cantu,bcantu2p@gravatar.com,Female,null,null]
[99,Golda,Dreher,gdreher2q@webnode.com,Female,null,null]
[100,Nicol,McCarty,nmccarty2r@mayoclinic.com,Male,null,null]
[101,Dianemarie,Hardes,dhardes2s@ebay.com,Female,null,null]
[102,Marielle,McCobb,mmccobb2t@umich.edu,Female,null,null]
[103,Baird,Dodd,bdodd2u@usnews.com,Male,null,null]
[104,Ives,Stelli,istelli2v@reddit.com,Male,null,null]
[105,Alexis,Sharpe,asharpe2w@cargocollective.com,Female,null,null]
[106,Rudolfo,Lay,rlay2x@businessinsider.com,Male,null,null]
[107,Tova,Cadman,tcadman2y@trellian.com,Female,null,null]
[108,Marlon,Crewe,mcrewe2z@admin.ch,Male,null,null]
[109,Janene,Skiggs,jskiggs30@skyrock.com,Bigender,null,null]
[110,Barbabas,Warcup,bwarcup31@arstechnica.com,Male,null,null]
[111,Megan,Slainey,mslainey32@samsung.com,Female,null,null]
[112,Olivette,Greim,ogreim33@chronoengine.com,Female,null,null]
[113,Nicolis,Motherwell,nmotherwell34@wordpress.org,Male,null,null]
[114,Keslie,Mintoft,kmintoft35@cargocollective.com,Female,null,null]
[115,Jessika,Daburn,jdaburn36@nsw.gov.au,Female,null,null]
[116,Ahmed,Jaegar,ajaegar37@google.cn,Male,null,null]
[117,Conney,Brice,cbrice38@craigslist.org,Male,null,null]
[118,West,Fery,wfery39@i2i.jp,Male,null,null]
[119,Clarie,Skeath,cskeath3a@china.com.cn,Female,null,null]
[120,Carilyn,Levins,clevins3b@who.int,Female,null,null]
[121,Julee,Kitman,jkitman3c@ocn.ne.jp,Female,null,null]
[122,Lil,Vickarman,lvickarman3d@usa.gov,Female,null,null]
[123,Lauree,Braiden,lbraiden3e@usa.gov,Female,null,null]
[124,Laurene,Iglesia,liglesia3f@mapy.cz,Female,null,null]
[125,Alfie,Matuschek,amatuschek3g@google.de,Female,null,null]
[126,Penelopa,Safont,psafont3h@comsenz.com,Bigender,null,null]
[127,Merwyn,Kelsall,mkelsall3i@mashable.com,Male,null,null]
[128,Rodolph,Balaam,rbalaam3j@odnoklassniki.ru,Male,null,null]
[129,Angele,Mordon,amordon3k@cmu.edu,Agender,null,null]
[130,Beale,Phateplace,bphateplace3l@timesonline.co.uk,Male,null,null]
[131,Gilda,Champneys,gchampneys3m@usatoday.com,Female,null,null]
[132,Byran,Ager,bager3n@vinaora.com,Male,null,null]
[133,Maressa,Grund,mgrund3o@unblog.fr,Female,null,null]
[134,Kendricks,McLelland,kmclelland3p@forbes.com,Male,null,null]
[135,Rosamund,Gook,rgook3q@shutterfly.com,Female,null,null]
[136,Emmeline,Voff,evoff3r@craigslist.org,Female,null,null]
[137,Garrott,Leah,gleah3s@lulu.com,Male,null,null]
[138,Denni,Wyre,dwyre3t@ask.com,Female,null,null]
[139,Nathanial,Dubble,ndubble3u@artisteer.com,Male,null,null]
[140,Delphine,McConnulty,dmcconnulty3v@1688.com,Female,null,null]
[141,Dickie,Liveley,dliveley3w@cornell.edu,Agender,null,null]
[142,Derick,Wyeth,dwyeth3x@tuttocitta.it,Male,null,null]
[143,Rawley,Aizikovich,raizikovich3y@mail.ru,Male,null,null]
[144,Thomasin,Nanelli,tnanelli3z@google.de,Female,null,null]
[145,Udale,Chown,uchown40@prnewswire.com,Male,null,null]
[146,Dasha,Farlane,dfarlane41@squidoo.com,Female,null,null]
[147,Nehemiah,Fairhurst,nfairhurst42@edublogs.org,Polygender,null,null]
[148,Darb,Lowensohn,dlowensohn43@flickr.com,Female,null,null]
[149,Karlee,Aronstein,karonstein44@google.de,Female,null,null]
[150,Archibaldo,Bunker,abunker45@dell.com,Male,null,null]
[151,Roberta,Boother,rboother46@indiegogo.com,Female,null,null]
[152,Blondy,Barnard,bbarnard47@booking.com,Female,null,null]
[153,Shantee,Ambrogioni,sambrogioni48@instagram.com,Female,null,null]
[154,Wiley,Jessen,wjessen49@dmoz.org,Male,null,null]
[155,Gale,Robelet,grobelet4a@forbes.com,Female,null,null]
[156,Gabriel,Cottell,gcottell4b@amazon.de,Male,null,null]
[157,Carlina,List,clist4c@merriam-webster.com,Female,null,null]
[158,Vasily,Caudray,vcaudray4d@fda.gov,Male,null,null]
[159,Khalil,Lilloe,klilloe4e@sciencedaily.com,Male,null,null]
[160,Emmalynne,McGhee,emcghee4f@economist.com,Female,null,null]
[161,Valene,Watkiss,vwatkiss4g@linkedin.com,Female,null,null]
[162,Muffin,Lipmann,mlipmann4h@bluehost.com,Female,null,null]
[163,Godwin,McCullouch,gmccullouch4i@moonfruit.com,Male,null,null]
[164,Caesar,Snoden,csnoden4j@narod.ru,Male,null,null]
[165,Fidelia,St. Leger,fstleger4k@ucoz.com,Female,null,null]
[166,Law,Noads,lnoads4l@bizjournals.com,Male,null,null]
[167,Denney,Duncklee,dduncklee4m@goodreads.com,Male,null,null]
[168,Hube,McKenna,hmckenna4n@digg.com,Bigender,null,null]
[169,Alfy,Batthew,abatthew4o@hud.gov,Female,null,null]
[170,Stanwood,Tregent,stregent4p@symantec.com,Male,null,null]
[171,Melania,Murrigan,mmurrigan4q@rediff.com,Female,null,null]
[172,Valentina,Hazael,vhazael4r@drupal.org,Female,null,null]
[173,Cristiano,Valeri,cvaleri4s@addtoany.com,Male,null,null]
[174,Sybilla,Harly,sharly4t@spotify.com,Female,null,null]
[175,Helsa,Gitting,hgitting4u@github.io,Female,null,null]
[176,Ly,Smeal,lsmeal4v@ameblo.jp,Male,null,null]
[177,Brigit,MacLaig,bmaclaig4w@arstechnica.com,Female,null,null]
[178,Guenna,Jan,gjan4x@java.com,Female,null,null]
[179,Tate,Kincla,tkincla4y@over-blog.com,Female,null,null]
[180,Allayne,Gartsyde,agartsyde4z@usda.gov,Male,null,null]
[181,Walsh,Edmunds,wedmunds50@deviantart.com,Male,null,null]
[182,Barb,Arboine,barboine51@usnews.com,Female,null,null]
[183,Marjory,Mohan,mmohan52@discovery.com,Female,null,null]
[184,Loria,Fenn,lfenn53@github.com,Female,null,null]
[185,Tripp,Meneur,tmeneur54@sciencedaily.com,Male,null,null]
[186,Jeramey,Gustus,jgustus55@github.com,Male,null,null]
[187,Shela,Jacobowits,sjacobowits56@dailymail.co.uk,Non-binary,null,null]
[188,Anneliese,Derle,aderle57@360.cn,Female,null,null]
[189,Marcellus,Shallcross,mshallcross58@abc.net.au,Male,null,null]
[190,Obed,Spradbrow,ospradbrow59@samsung.com,Male,null,null]
[191,Trumann,Kapelhof,tkapelhof5a@seesaa.net,Male,null,null]
[192,Matelda,Briztman,mbriztman5b@51.la,Agender,null,null]
[193,Jillayne,Egell,jegell5c@vimeo.com,Female,null,null]
[194,Sheeree,Beazey,sbeazey5d@columbia.edu,Female,null,null]
[195,Jilly,Annand,jannand5e@webeden.co.uk,Female,null,null]
[196,Robinia,Amesbury,ramesbury5f@nature.com,Female,null,null]
[197,Dael,Portail,dportail5g@blogspot.com,Non-binary,null,null]
[198,Margaretha,Chopping,mchopping5h@senate.gov,Female,null,null]
[199,Hollie,Grzegorzewicz,hgrzegorzewicz5i@blinklist.com,Female,null,null]
[200,Bearnard,Blaxton,bblaxton5j@posterous.com,Male,null,null]
[201,Gregorius,Tours,gtours5k@dion.ne.jp,Male,null,null]
[202,Graeme,Dignum,gdignum5l@cafepress.com,Male,null,null]
[203,Arther,Cumberbatch,acumberbatch5m@barnesandnoble.com,Male,null,null]
[204,Gusty,Leetham,gleetham5n@psu.edu,Female,null,null]
[205,Natalya,Minister,nminister5o@ameblo.jp,Female,null,null]
[206,Sven,Toopin,stoopin5p@mapquest.com,Male,null,null]
[207,Nolan,Babbe,nbabbe5q@dion.ne.jp,Male,null,null]
[208,Quinn,Cockran,qcockran5r@thetimes.co.uk,Agender,null,null]
[209,Jobyna,Fossick,jfossick5s@google.com.hk,Female,null,null]
[210,Sherwynd,Kimmons,skimmons5t@yahoo.com,Male,null,null]
[211,Leon,Faircliffe,lfaircliffe5u@facebook.com,Male,null,null]
[212,Waly,Clemenzo,wclemenzo5v@chicagotribune.com,Female,null,null]
[213,Gareth,Kermitt,gkermitt5w@google.pl,Male,null,null]
[214,Hubert,Dumbrall,hdumbrall5x@networksolutions.com,Male,null,null]
[215,Fawn,Bradly,fbradly5y@soup.io,Female,null,null]
[216,Shermie,Ethelston,sethelston5z@icio.us,Male,null,null]
[217,Jeth,Penquet,jpenquet60@macromedia.com,Male,null,null]
[218,Sascha,Tall,stall61@google.pl,Female,null,null]
[219,Bobbye,Guirau,bguirau62@macromedia.com,Female,null,null]
[220,Rowney,Rafe,rrafe63@usatoday.com,Male,null,null]
[221,Ame,Gavrielly,agavrielly64@odnoklassniki.ru,Female,null,null]
[222,Callida,Slemming,cslemming65@360.cn,Female,null,null]
[223,Shani,Grise,sgrise66@ca.gov,Female,null,null]
[224,Dorrie,Karlik,dkarlik67@a8.net,Female,null,null]
[225,Stinky,Spurryer,sspurryer68@nbcnews.com,Male,null,null]
[226,Chevy,Marre,cmarre69@mtv.com,Male,null,null]
[227,Onfroi,Maine,omaine6a@ocn.ne.jp,Male,null,null]
[228,Melvin,Kennifeck,mkennifeck6b@ebay.co.uk,Male,null,null]
[229,Foss,Moyer,fmoyer6c@businessweek.com,Male,null,null]
[230,Nathanial,Mosson,nmosson6d@macromedia.com,Male,null,null]
[231,Hailee,Windley,hwindley6e@arizona.edu,Female,null,null]
[232,Georgeta,Reinmar,greinmar6f@so-net.ne.jp,Female,null,null]
[233,Lenette,Burvill,lburvill6g@washingtonpost.com,Female,null,null]
[234,Bentlee,Matelaitis,bmatelaitis6h@si.edu,Male,null,null]
[235,Brady,Bachellier,bbachellier6i@baidu.com,Male,null,null]
[236,Alessandro,Marflitt,amarflitt6j@omniture.com,Genderqueer,null,null]
[237,Launce,Riby,lriby6k@squarespace.com,Male,null,null]
[238,Kendrick,Coetzee,kcoetzee6l@stumbleupon.com,Male,null,null]
[239,Hermy,Bisseker,hbisseker6m@infoseek.co.jp,Male,null,null]
[240,Deane,Hardwich,dhardwich6n@salon.com,Non-binary,null,null]
[241,Zilvia,Hinder,zhinder6o@yahoo.com,Polygender,null,null]
[242,Agosto,Fielders,afielders6p@alibaba.com,Male,null,null]
[243,Casie,Rodenburg,crodenburg6q@feedburner.com,Female,null,null]
[244,Willem,Sommerton,wsommerton6r@desdev.cn,Male,null,null]
[245,Timothy,Ciccottio,tciccottio6s@reference.com,Male,null,null]
[246,Sianna,Louw,slouw6t@woothemes.com,Female,null,null]
[247,Clayton,Whaplington,cwhaplington6u@reference.com,Non-binary,null,null]
[248,Dominik,Mustin,dmustin6v@elegantthemes.com,Male,null,null]
[249,Leora,Tarzey,ltarzey6w@ted.com,Bigender,null,null]
[250,Kiel,Bleythin,kbleythin6x@topsy.com,Male,null,null]
[251,Alasteir,Alelsandrovich,aalelsandrovich6y@linkedin.com,Male,null,null]
[252,Devy,Hollyer,dhollyer6z@pbs.org,Male,null,null]
[253,Alysa,Seater,aseater70@loc.gov,Female,null,null]
[254,Locke,De Vaar,ldevaar71@shareasale.com,Male,null,null]
[255,Bram,Thoresbie,bthoresbie72@github.com,Genderqueer,null,null]
[256,Cory,Hardy-Piggin,chardypiggin73@vistaprint.com,Male,null,null]
[257,Violet,McMeekan,vmcmeekan74@comsenz.com,Female,null,null]
[258,Stevena,Grim,sgrim75@istockphoto.com,Female,null,null]
[259,Maison,Mallett,mmallett76@noaa.gov,Male,null,null]
[260,Tymon,Perkinson,tperkinson77@mediafire.com,Male,null,null]
[261,Frank,Vankov,fvankov78@ihg.com,Male,null,null]
[262,Selina,Arents,sarents79@wufoo.com,Female,null,null]
[263,Amelie,De Vuyst,adevuyst7a@indiegogo.com,Female,null,null]
[264,Bar,Gozney,bgozney7b@salon.com,Male,null,null]
[265,Sigfried,Cutmare,scutmare7c@skyrock.com,Male,null,null]
[266,Weston,Moggie,wmoggie7d@google.cn,Male,null,null]
[267,Harcourt,Whimper,hwhimper7e@nih.gov,Male,null,null]
[268,Tabb,Cluett,tcluett7f@sciencedaily.com,Male,null,null]
[269,Malchy,Lickess,mlickess7g@eepurl.com,Male,null,null]
[270,Northrup,Wynrahame,nwynrahame7h@51.la,Agender,null,null]
[271,Wandis,Friedlos,wfriedlos7i@newyorker.com,Genderfluid,null,null]
[272,Sydel,Elletson,selletson7j@drupal.org,Female,null,null]
[273,Royce,Farmery,rfarmery7k@ted.com,Male,null,null]
[274,Maria,Vasilkov,mvasilkov7l@jalbum.net,Female,null,null]
[275,Mady,Jeal,mjeal7m@cbc.ca,Female,null,null]
[276,Bay,Liversidge,bliversidge7n@indiegogo.com,Male,null,null]
[277,Tandie,Evered,tevered7o@webmd.com,Female,null,null]
[278,Darcy,Sturt,dsturt7p@quantcast.com,Female,null,null]
[279,Tibold,Stoving,tstoving7q@wordpress.com,Male,null,null]
[280,Gerri,Alyokhin,galyokhin7r@usda.gov,Male,null,null]
[281,Piotr,Chatto,pchatto7s@free.fr,Male,null,null]
[282,Michell,Brandacci,mbrandacci7t@joomla.org,Female,null,null]
[283,Brennan,Dionis,bdionis7u@cbsnews.com,Male,null,null]
[284,Margareta,Tombling,mtombling7v@jiathis.com,Female,null,null]
[285,Archy,Iianon,aiianon7w@imdb.com,Male,null,null]
[286,Loree,Wade,lwade7x@miibeian.gov.cn,Female,null,null]
[287,Ches,Struijs,cstruijs7y@examiner.com,Male,null,null]
[288,Boot,Cuerdall,bcuerdall7z@npr.org,Male,null,null]
[289,Odille,Ricards,oricards80@behance.net,Female,null,null]
[290,Monte,Monnoyer,mmonnoyer81@4shared.com,Male,null,null]
[291,Alfonse,McMeanma,amcmeanma82@tripadvisor.com,Male,null,null]
[292,Riobard,Pariss,rpariss83@pcworld.com,Male,null,null]
[293,Neila,Newcome,nnewcome84@usatoday.com,Female,null,null]
[294,Dory,Dreghorn,ddreghorn85@google.nl,Male,null,null]
[295,Alejoa,Robbert,arobbert86@vkontakte.ru,Male,null,null]
[296,Brandi,Francescotti,bfrancescotti87@zimbio.com,Female,null,null]
[297,Fabiano,Trouncer,ftrouncer88@geocities.jp,Male,null,null]
[298,Corabelle,Domenichelli,cdomenichelli89@furl.net,Female,null,null]
[299,Deidre,Tompion,dtompion8a@cbsnews.com,Female,null,null]
[300,Hagan,Tomlin,htomlin8b@shinystat.com,Male,null,null]
[301,Wylie,Shipman,wshipman8c@lulu.com,Male,null,null]
[302,Agnesse,Salvador,asalvador8d@cyberchimps.com,Female,null,null]
[303,Wilone,Hanrahan,whanrahan8e@sina.com.cn,Non-binary,null,null]
[304,Richmound,Cyson,rcyson8f@businessinsider.com,Male,null,null]
[305,Bryon,Pavelka,bpavelka8g@homestead.com,Male,null,null]
[306,Zebedee,Boyson,zboyson8h@intel.com,Male,null,null]
[307,Hamish,Yitzowitz,hyitzowitz8i@blogspot.com,Male,null,null]
[308,Linet,Swinglehurst,lswinglehurst8j@deviantart.com,Female,null,null]
[309,Jefferey,Evert,jevert8k@mayoclinic.com,Male,null,null]
[310,Carlie,Dudek,cdudek8l@ycombinator.com,Male,null,null]
[311,Jilleen,Brolechan,jbrolechan8m@go.com,Female,null,null]
[312,Dorothy,Trumpeter,dtrumpeter8n@reference.com,Female,null,null]
[313,Maurie,Sparke,msparke8o@economist.com,Male,null,null]
[314,Inglebert,Mattingson,imattingson8p@theatlantic.com,Genderfluid,null,null]
[315,Daloris,Kernock,dkernock8q@360.cn,Female,null,null]
[316,Daniela,Tenbrug,dtenbrug8r@phoca.cz,Female,null,null]
[317,Rosemarie,Edgeler,redgeler8s@chron.com,Female,null,null]
[318,Nicolais,Lexa,nlexa8t@jiathis.com,Male,null,null]
[319,Gar,Fitch,gfitch8u@nyu.edu,Male,null,null]
[320,Shae,Gower,sgower8v@clickbank.net,Male,null,null]
[321,Cristabel,McGrey,cmcgrey8w@macromedia.com,Polygender,null,null]
[322,Constantino,Dorsett,cdorsett8x@multiply.com,Male,null,null]
[323,Walker,Buckby,wbuckby8y@senate.gov,Male,null,null]
[324,Ketty,Raiment,kraiment8z@foxnews.com,Female,null,null]
[325,Aryn,Bagge,abagge90@pinterest.com,Female,null,null]
[326,Ernestine,Hallad,ehallad91@irs.gov,Female,null,null]
[327,Miriam,Barti,mbarti92@accuweather.com,Female,null,null]
[328,Obadiah,McPeck,omcpeck93@ed.gov,Male,null,null]
[329,Cacilie,Pruvost,cpruvost94@bizjournals.com,Female,null,null]
[330,Dame,O' Cuolahan,docuolahan95@csmonitor.com,Male,null,null]
[331,Corie,Jochanany,cjochanany96@ning.com,Female,null,null]
[332,Aloise,Normansell,anormansell97@cbsnews.com,Female,null,null]
[333,Lani,Ranscome,lranscome98@adobe.com,Female,null,null]
[334,Eveline,Thor,ethor99@npr.org,Polygender,null,null]
[335,Ingunna,Chretien,ichretien9a@oaic.gov.au,Genderfluid,null,null]
[336,Martita,Danilishin,mdanilishin9b@ucsd.edu,Female,null,null]
[337,Ardith,Sauvan,asauvan9c@slideshare.net,Polygender,null,null]
[338,Beverlie,Mival,bmival9d@chron.com,Female,null,null]
[339,Elfie,Williams,ewilliams9e@topsy.com,Female,null,null]
[340,Bennie,Rush,brush9f@friendfeed.com,Male,null,null]
[341,Valaree,Aliberti,valiberti9g@plala.or.jp,Female,null,null]
[342,Kinnie,Nineham,knineham9h@4shared.com,Male,null,null]
[343,Warde,Grichukhanov,wgrichukhanov9i@engadget.com,Male,null,null]
[344,Nobe,Nials,nnials9j@npr.org,Male,null,null]
[345,Cariotta,Cunniam,ccunniam9k@constantcontact.com,Female,null,null]
[346,Thorn,Cheston,tcheston9l@google.com.br,Male,null,null]
[347,Faun,Lusgdin,flusgdin9m@irs.gov,Female,null,null]
[348,Caprice,Moir,cmoir9n@accuweather.com,Female,null,null]
[349,Arda,Niles,aniles9o@godaddy.com,Non-binary,null,null]
[350,Christie,Shailer,cshailer9p@cafepress.com,Male,null,null]
[351,Sansone,Kibbel,skibbel9q@bluehost.com,Male,null,null]
[352,Debor,Anstie,danstie9r@amazon.de,Female,null,null]
[353,Raphael,Armatidge,rarmatidge9s@cisco.com,Male,null,null]
[354,Savina,Fusedale,sfusedale9t@hc360.com,Female,null,null]
[355,Aldin,Tweedie,atweedie9u@shop-pro.jp,Male,null,null]
[356,Sapphira,McElhargy,smcelhargy9v@slashdot.org,Female,null,null]
[357,Gunar,Andrat,gandrat9w@networksolutions.com,Male,null,null]
[358,Kale,Goodrum,kgoodrum9x@msu.edu,Male,null,null]
[359,Padraig,Craydon,pcraydon9y@nyu.edu,Male,null,null]
[360,Salome,Bestar,sbestar9z@webmd.com,Female,null,null]
[361,Sig,Sewell,ssewella0@who.int,Male,null,null]
[362,Alexandrina,Stenhouse,astenhousea1@java.com,Female,null,null]
[363,Tabor,Gippes,tgippesa2@cdbaby.com,Male,null,null]
[364,Josh,Cutridge,jcutridgea3@wix.com,Male,null,null]
[365,Drud,Delea,ddeleaa4@linkedin.com,Male,null,null]
[366,Melloney,Maciaszek,mmaciaszeka5@linkedin.com,Female,null,null]
[367,Donny,Eagers,deagersa6@ft.com,Male,null,null]
[368,Mildrid,Sibly,msiblya7@ezinearticles.com,Female,null,null]
[369,Ciel,Gowdy,cgowdya8@ft.com,Female,null,null]
[370,Mady,Schult,mschulta9@ycombinator.com,Female,null,null]
[371,Mattheus,Gooders,mgoodersaa@dot.gov,Male,null,null]
[372,Ingram,Estabrook,iestabrookab@moonfruit.com,Male,null,null]
[373,Celina,Waterdrinker,cwaterdrinkerac@cafepress.com,Polygender,null,null]
[374,Egbert,McCowen,emccowenad@mashable.com,Male,null,null]
[375,Arlen,Noweak,anoweakae@marketwatch.com,Female,null,null]
[376,Locke,Walters,lwaltersaf@creativecommons.org,Male,null,null]
[377,Price,Wicklin,pwicklinag@paginegialle.it,Male,null,null]
[378,Desi,Goodman,dgoodmanah@nymag.com,Male,null,null]
[379,Glynn,Mackiewicz,gmackiewiczai@godaddy.com,Male,null,null]
[380,Florry,Easterbrook,feasterbrookaj@bloomberg.com,Female,null,null]
[381,Vale,Turner,vturnerak@addtoany.com,Female,null,null]
[382,Annemarie,Lefeuvre,alefeuvreal@ifeng.com,Bigender,null,null]
[383,Anneliese,Caldaro,acaldaroam@weebly.com,Female,null,null]
[384,Artemas,Ruprecht,aruprechtan@ebay.com,Male,null,null]
[385,Cayla,Assard,cassardao@nymag.com,Female,null,null]
[386,Hilliary,Skurm,hskurmap@phoca.cz,Female,null,null]
[387,Elmer,Keesman,ekeesmanaq@google.com.au,Male,null,null]
[388,Linus,Flipek,lflipekar@techcrunch.com,Male,null,null]
[389,Nikolaus,Bathurst,nbathurstas@so-net.ne.jp,Male,null,null]
[390,Justine,Sitwell,jsitwellat@dion.ne.jp,Genderfluid,null,null]
[391,Barbee,Janecek,bjanecekau@dailymail.co.uk,Female,null,null]
[392,Vincenty,Gateshill,vgateshillav@ucoz.com,Male,null,null]
[393,Jade,Farnworth,jfarnworthaw@bigcartel.com,Female,null,null]
[394,Mitzi,Leachman,mleachmanax@wsj.com,Female,null,null]
[395,Gabbi,Ducroe,gducroeay@simplemachines.org,Female,null,null]
[396,Jocelyne,Geare,jgeareaz@vk.com,Female,null,null]
[397,Sylvan,Ludl,sludlb0@loc.gov,Male,null,null]
[398,Carson,Bedborough,cbedboroughb1@time.com,Male,null,null]
[399,Colly,Agney,cagneyb2@virginia.edu,Female,null,null]
[400,Candida,Murton,cmurtonb3@ocn.ne.jp,Female,null,null]
[401,Garv,Clemmens,gclemmensb4@purevolume.com,Male,null,null]
[402,Rebeka,Lackney,rlackneyb5@loc.gov,Genderqueer,null,null]
[403,Conant,Dakhov,cdakhovb6@yolasite.com,Male,null,null]
[404,Melodee,Vowden,mvowdenb7@independent.co.uk,Female,null,null]
[405,Edvard,Khadir,ekhadirb8@addtoany.com,Male,null,null]
[406,Edie,Irnys,eirnysb9@google.cn,Female,null,null]
[407,Wilton,Popelay,wpopelayba@rakuten.co.jp,Male,null,null]
[408,Leda,Lahrs,llahrsbb@timesonline.co.uk,Female,null,null]
[409,Ray,Williscroft,rwilliscroftbc@pbs.org,Male,null,null]
[410,Reynold,Kaplan,rkaplanbd@blogtalkradio.com,Genderfluid,null,null]
[411,Olav,Ferryn,oferrynbe@amazon.de,Male,null,null]
[412,Rebecca,Chichgar,rchichgarbf@narod.ru,Female,null,null]
[413,Thibaut,Naile,tnailebg@domainmarket.com,Male,null,null]
[414,Farleigh,Endrizzi,fendrizzibh@smh.com.au,Male,null,null]
[415,Dill,Fontes,dfontesbi@github.io,Male,null,null]
[416,Eldon,Carine,ecarinebj@cnn.com,Male,null,null]
[417,Gale,Nickels,gnickelsbk@cocolog-nifty.com,Male,null,null]
[418,Theodore,Riply,triplybl@barnesandnoble.com,Male,null,null]
[419,Fee,Driscoll,fdriscollbm@prlog.org,Male,null,null]
[420,Lynsey,Dougill,ldougillbn@etsy.com,Female,null,null]
[421,Florella,Bracegirdle,fbracegirdlebo@dyndns.org,Female,null,null]
[422,Patricio,Taunton.,ptauntonbp@washingtonpost.com,Male,null,null]
[423,Bernette,Peyes,bpeyesbq@oaic.gov.au,Female,null,null]
[424,Smith,Kalker,skalkerbr@fda.gov,Genderqueer,null,null]
[425,Julia,Waitland,jwaitlandbs@stanford.edu,Female,null,null]
[426,Weber,Bedson,wbedsonbt@usgs.gov,Genderfluid,null,null]
[427,Halette,Lardiner,hlardinerbu@twitter.com,Female,null,null]
[428,Rod,Scobbie,rscobbiebv@ovh.net,Male,null,null]
[429,Shurwood,Feild,sfeildbw@cisco.com,Male,null,null]
[430,Cyndi,Champney,cchampneybx@about.me,Female,null,null]
[431,Nevil,Bernardin,nbernardinby@mozilla.com,Male,null,null]
[432,Annamaria,Sconce,asconcebz@stanford.edu,Non-binary,null,null]
[433,Giulio,Szymanowicz,gszymanowiczc0@arstechnica.com,Male,null,null]
[434,Rufe,Atcock,ratcockc1@ebay.co.uk,Male,null,null]
[435,Mei,Sone,msonec2@cbslocal.com,Female,null,null]
[436,Thea,Whitloe,twhitloec3@lulu.com,Female,null,null]
[437,Theobald,Illes,tillesc4@mit.edu,Male,null,null]
[438,Hailey,Stooke,hstookec5@flickr.com,Male,null,null]
[439,Elberta,Burgne,eburgnec6@ucla.edu,Female,null,null]
[440,Jarrad,Kloss,jklossc7@cornell.edu,Male,null,null]
[441,Curr,Amphlett,camphlettc8@google.pl,Male,null,null]
[442,Arvie,Cowdery,acowderyc9@tiny.cc,Male,null,null]
[443,Gabbi,Bushrod,gbushrodca@phpbb.com,Female,null,null]
[444,Genia,Hawford,ghawfordcb@shop-pro.jp,Female,null,null]
[445,Wynnie,Swanton,wswantoncc@addthis.com,Female,null,null]
[446,Garwood,de Glanville,gdeglanvillecd@hexun.com,Male,null,null]
[447,Franchot,Skillen,fskillence@linkedin.com,Male,null,null]
[448,Sharon,Tape,stapecf@wp.com,Female,null,null]
[449,Adelaide,McAmish,amcamishcg@nyu.edu,Genderfluid,null,null]
[450,Cassi,Spatarul,cspatarulch@lycos.com,Female,null,null]
[451,Egan,Bridel,ebridelci@slate.com,Male,null,null]
[452,Wendall,Heibel,wheibelcj@studiopress.com,Male,null,null]
[453,Montague,Soames,msoamesck@miitbeian.gov.cn,Male,null,null]
[454,Norene,Mathison,nmathisoncl@yellowpages.com,Female,null,null]
[455,Frederico,Berre,fberrecm@biglobe.ne.jp,Male,null,null]
[456,Dodie,Rentilll,drentilllcn@deliciousdays.com,Female,null,null]
[457,Armando,Brownsea,abrownseaco@scientificamerican.com,Male,null,null]
[458,Leanora,Akast,lakastcp@biglobe.ne.jp,Female,null,null]
[459,Hadley,Tonsley,htonsleycq@samsung.com,Male,null,null]
[460,Simon,Cowperthwaite,scowperthwaitecr@admin.ch,Male,null,null]
[461,Dave,Cortes,dcortescs@cafepress.com,Male,null,null]
[462,Fancie,Aspinal,faspinalct@list-manage.com,Female,null,null]
[463,Phil,Muzzlewhite,pmuzzlewhitecu@tinypic.com,Male,null,null]
[464,Jeni,Clayden,jclaydencv@xrea.com,Female,null,null]
[465,Wilow,Lomasna,wlomasnacw@smh.com.au,Female,null,null]
[466,Giacinta,Boner,gbonercx@princeton.edu,Female,null,null]
[467,Levey,Bulfit,lbulfitcy@twitter.com,Male,null,null]
[468,Gwenore,Fries,gfriescz@npr.org,Female,null,null]
[469,Finley,Longdon,flongdond0@unc.edu,Male,null,null]
[470,Raquela,Eustace,reustaced1@ustream.tv,Female,null,null]
[471,Shandee,Lavrick,slavrickd2@ihg.com,Female,null,null]
[472,Nan,Thurby,nthurbyd3@thetimes.co.uk,Female,null,null]
[473,Verla,Studdert,vstuddertd4@xing.com,Female,null,null]
[474,Hamish,Stearn,hstearnd5@slate.com,Male,null,null]
[475,Kalie,Hobbing,khobbingd6@spiegel.de,Female,null,null]
[476,Ewart,Bodycomb,ebodycombd7@sohu.com,Male,null,null]
[477,Trisha,Boorn,tboornd8@newyorker.com,Female,null,null]
[478,Madge,Thew,mthewd9@zimbio.com,Female,null,null]
[479,Ogden,Jankovic,ojankovicda@un.org,Male,null,null]
[480,Augy,Crumpe,acrumpedb@ucla.edu,Male,null,null]
[481,Garek,Possel,gposseldc@meetup.com,Male,null,null]
[482,Roobbie,Felton,rfeltondd@japanpost.jp,Female,null,null]
[483,Lloyd,Blethin,lblethinde@1688.com,Male,null,null]
[484,Penny,Guiver,pguiverdf@webmd.com,Genderqueer,null,null]
[485,Valenka,Jeanel,vjeaneldg@tiny.cc,Agender,null,null]
[486,Mady,Adamsson,madamssondh@amazonaws.com,Female,null,null]
[487,Willamina,Wisdish,wwisdishdi@businesswire.com,Female,null,null]
[488,Linoel,Aujouanet,laujouanetdj@msu.edu,Male,null,null]
[489,Talya,O'Reilly,toreillydk@businessinsider.com,Female,null,null]
[490,Toby,Frounks,tfrounksdl@ihg.com,Male,null,null]
[491,Tybalt,Eric,tericdm@skyrock.com,Male,null,null]
[492,Rheta,Swayton,rswaytondn@craigslist.org,Female,null,null]
[493,Abelard,Coon,acoondo@yolasite.com,Male,null,null]
[494,Kippie,Mugridge,kmugridgedp@wikia.com,Male,null,null]
[495,Devy,Southey,dsoutheydq@1und1.de,Polygender,null,null]
[496,Zena,Dobsons,zdobsonsdr@uiuc.edu,Female,null,null]
[497,Carmel,Schriren,cschrirends@lycos.com,Female,null,null]
[498,Dona,Teml,dtemldt@about.com,Genderqueer,null,null]
[499,Skipper,Caroli,scarolidu@technorati.com,Male,null,null]
[500,Danica,Malicki,dmalickidv@usatoday.com,Female,null,null]
[501,Sammy,Clever,scleverdw@spotify.com,Female,null,null]
[502,Benny,Gerant,bgerantdx@adobe.com,Male,null,null]
[503,Fidelio,Brayley,fbrayleydy@va.gov,Male,null,null]
[504,Carmon,Lillyman,clillymandz@sfgate.com,Female,null,null]
[505,Odella,Edensor,oedensore0@china.com.cn,Agender,null,null]
[506,Katleen,Bowller,kbowllere1@wired.com,Female,null,null]
[507,Olav,Hakonsson,ohakonssone2@princeton.edu,Male,null,null]
[508,Aluino,Maling,amalinge3@chronoengine.com,Polygender,null,null]
[509,Sybyl,Brunsden,sbrunsdene4@squidoo.com,Female,null,null]
[510,Simeon,Magowan,smagowane5@creativecommons.org,Male,null,null]
[511,Margarethe,Largen,mlargene6@cmu.edu,Female,null,null]
[512,Maurise,Ubsdall,mubsdalle7@paypal.com,Male,null,null]
[513,Evelina,Shucksmith,eshucksmithe8@paginegialle.it,Non-binary,null,null]
[514,Nettle,Barstock,nbarstocke9@fc2.com,Female,null,null]
[515,Meyer,Rheubottom,mrheubottomea@google.com.hk,Male,null,null]
[516,Job,Ambrogelli,jambrogellieb@nifty.com,Male,null,null]
[517,Lotte,Swetenham,lswetenhamec@epa.gov,Female,null,null]
[518,Dorella,Jezzard,djezzarded@usgs.gov,Female,null,null]
[519,Fergus,Persich,fpersichee@sourceforge.net,Male,null,null]
[520,Siffre,Brosini,sbrosinief@tripadvisor.com,Male,null,null]
[521,Danika,Burditt,dburditteg@intel.com,Female,null,null]
[522,Ailina,Stanlike,astanlikeeh@wordpress.com,Female,null,null]
[523,Ulrika,Fibbitts,ufibbittsei@wix.com,Female,null,null]
[524,Bryon,Cawsy,bcawsyej@state.gov,Polygender,null,null]
[525,Alfons,Valsler,avalslerek@yandex.ru,Male,null,null]
[526,Freemon,Chesson,fchessonel@shop-pro.jp,Male,null,null]
[527,Whitby,Coward,wcowardem@is.gd,Male,null,null]
[528,Edithe,Swinyard,eswinyarden@netlog.com,Female,null,null]
[529,Davey,Embling,demblingeo@google.es,Male,null,null]
[530,Janelle,Normabell,jnormabellep@merriam-webster.com,Female,null,null]
[531,Dionisio,Wimlet,dwimleteq@wunderground.com,Agender,null,null]
[532,Deane,Mulqueen,dmulqueener@edublogs.org,Female,null,null]
[533,Holly,Corson,hcorsones@cbslocal.com,Male,null,null]
[534,Sawyere,Josefowicz,sjosefowiczet@jimdo.com,Male,null,null]
[535,Hortensia,Rawles,hrawleseu@vk.com,Female,null,null]
[536,Thomasina,Alfonzo,talfonzoev@about.com,Female,null,null]
[537,Tamar,Yewdall,tyewdallew@ow.ly,Female,null,null]
[538,Ebeneser,Onele,eoneleex@ehow.com,Male,null,null]
[539,Demetre,Duckit,dduckitey@imdb.com,Male,null,null]
[540,Caitlin,Tackell,ctackellez@gov.uk,Female,null,null]
[541,Donaugh,Bonome,dbonomef0@stanford.edu,Male,null,null]
[542,Jordan,de Castelain,jdecastelainf1@example.com,Male,null,null]
[543,Emilio,Scola,escolaf2@skyrock.com,Genderqueer,null,null]
[544,Peg,MacGilfoyle,pmacgilfoylef3@pbs.org,Female,null,null]
[545,Peg,Mish,pmishf4@dedecms.com,Female,null,null]
[546,Cheston,Armor,carmorf5@ycombinator.com,Male,null,null]
[547,Early,Lembrick,elembrickf6@upenn.edu,Male,null,null]
[548,Aloise,Ashbrook,aashbrookf7@spiegel.de,Female,null,null]
[549,Rowe,Kittless,rkittlessf8@nyu.edu,Female,null,null]
[550,Cathryn,Zannuto,czannutof9@cdc.gov,Female,null,null]
[551,Ashely,Spearett,aspearettfa@utexas.edu,Female,null,null]
[552,Thaddus,Klaassens,tklaassensfb@webmd.com,Male,null,null]
[553,Georas,Babbs,gbabbsfc@cafepress.com,Male,null,null]
[554,Jasen,Sifleet,jsifleetfd@scribd.com,Male,null,null]
[555,Alvera,Pearcy,apearcyfe@cnn.com,Female,null,null]
[556,Maryjane,Honig,mhonigff@vkontakte.ru,Female,null,null]
[557,Ross,Oakey,roakeyfg@timesonline.co.uk,Male,null,null]
[558,Whitman,Beckford,wbeckfordfh@amazon.de,Male,null,null]
[559,Deidre,Rosenberg,drosenbergfi@economist.com,Female,null,null]
[560,Boniface,Prince,bprincefj@godaddy.com,Male,null,null]
[561,Belicia,Filinkov,bfilinkovfk@forbes.com,Female,null,null]
[562,Flynn,Fairburn,ffairburnfl@examiner.com,Male,null,null]
[563,Zaccaria,Grave,zgravefm@cnet.com,Male,null,null]
[564,Shelly,McCuaig,smccuaigfn@e-recht24.de,Female,null,null]
[565,Deny,Mussen,dmussenfo@prlog.org,Female,null,null]
[566,Claudian,Barabisch,cbarabischfp@oaic.gov.au,Male,null,null]
[567,Ronalda,Kindall,rkindallfq@123-reg.co.uk,Female,null,null]
[568,Osbert,Shevelin,oshevelinfr@csmonitor.com,Male,null,null]
[569,Odette,Collister,ocollisterfs@eventbrite.com,Polygender,null,null]
[570,Andres,Dabney,adabneyft@imageshack.us,Male,null,null]
[571,Laureen,Fullwood,lfullwoodfu@adobe.com,Female,null,null]
[572,Xever,Fallows,xfallowsfv@paypal.com,Male,null,null]
[573,Humbert,Paule,hpaulefw@privacy.gov.au,Male,null,null]
[574,Melitta,Peakman,mpeakmanfx@stanford.edu,Female,null,null]
[575,Yancey,Verty,yvertyfy@cdbaby.com,Male,null,null]
[576,Ginny,Baudichon,gbaudichonfz@salon.com,Female,null,null]
[577,Andromache,Plait,aplaitg0@sakura.ne.jp,Female,null,null]
[578,Ritchie,Higford,rhigfordg1@prlog.org,Non-binary,null,null]
[579,Romain,Trowsdall,rtrowsdallg2@istockphoto.com,Bigender,null,null]
[580,Batholomew,Marvel,bmarvelg3@google.ca,Male,null,null]
[581,My,Korba,mkorbag4@salon.com,Male,null,null]
[582,Raul,Martignon,rmartignong5@sohu.com,Male,null,null]
[583,Dixie,Raccio,dracciog6@washington.edu,Female,null,null]
[584,Briano,Maryon,bmaryong7@phoca.cz,Male,null,null]
[585,Arleyne,Biagioni,abiagionig8@free.fr,Female,null,null]
[586,Shurlocke,Prescote,sprescoteg9@woothemes.com,Polygender,null,null]
[587,Almeta,Lorek,alorekga@icio.us,Bigender,null,null]
[588,Marsiella,Harrington,mharringtongb@tinypic.com,Female,null,null]
[589,Fons,Hamshaw,fhamshawgc@china.com.cn,Male,null,null]
[590,Si,Madigan,smadigangd@netvibes.com,Male,null,null]
[591,Arch,Fones,afonesge@eventbrite.com,Genderfluid,null,null]
[592,Natalee,Camelia,ncameliagf@github.io,Female,null,null]
[593,Nixie,Stolworthy,nstolworthygg@adobe.com,Female,null,null]
[594,Danna,Ingliss,dinglissgh@europa.eu,Female,null,null]
[595,Ynes,Steuart,ysteuartgi@reverbnation.com,Female,null,null]
[596,Tiff,Dysart,tdysartgj@ucsd.edu,Genderqueer,null,null]
[597,Annette,McCleary,amcclearygk@java.com,Female,null,null]
[598,Cyrillus,Tzar,ctzargl@independent.co.uk,Male,null,null]
[599,Helge,Cottem,hcottemgm@irs.gov,Non-binary,null,null]
[600,Rudolfo,Giacomello,rgiacomellogn@dyndns.org,Non-binary,null,null]
[601,Stace,Mapledoram,smapledoramgo@utexas.edu,Female,null,null]
[602,Melissa,Bruck,mbruckgp@cnn.com,Female,null,null]
[603,Joe,Oager,joagergq@gov.uk,Male,null,null]
[604,Zola,Grimmolby,zgrimmolbygr@icio.us,Female,null,null]
[605,Mandy,Coleborn,mcoleborngs@time.com,Female,null,null]
[606,Allx,Lemary,alemarygt@cpanel.net,Female,null,null]
[607,Arlana,Sissens,asissensgu@sfgate.com,Female,null,null]
[608,Sharron,Eagle,seaglegv@fastcompany.com,Female,null,null]
[609,Lily,Daens,ldaensgw@ox.ac.uk,Female,null,null]
[610,Cleopatra,Neno,cnenogx@multiply.com,Female,null,null]
[611,Jannelle,Magog,jmagoggy@macromedia.com,Female,null,null]
[612,Emmott,Mitkcov,emitkcovgz@bloglovin.com,Male,null,null]
[613,Teirtza,Alpin,talpinh0@w3.org,Female,null,null]
[614,Lauritz,Dantesia,ldantesiah1@cdc.gov,Male,null,null]
[615,Jean,Pirrey,jpirreyh2@nifty.com,Female,null,null]
[616,Adam,Swinfen,aswinfenh3@techcrunch.com,Male,null,null]
[617,Junina,Ksandra,jksandrah4@sphinn.com,Female,null,null]
[618,Sky,Dack,sdackh5@tiny.cc,Male,null,null]
[619,Moira,Gerrish,mgerrishh6@soundcloud.com,Female,null,null]
[620,Gaston,McConnell,gmcconnellh7@deviantart.com,Male,null,null]
[621,Jeffy,Gonet,jgoneth8@posterous.com,Male,null,null]
[622,Brittni,Frowd,bfrowdh9@opera.com,Female,null,null]
[623,Lily,Dunston,ldunstonha@addthis.com,Female,null,null]
[624,Fee,Brandoni,fbrandonihb@de.vu,Male,null,null]
[625,Marjie,Ellicott,mellicotthc@pcworld.com,Female,null,null]
[626,Barbie,O' Hern,bohernhd@vkontakte.ru,Female,null,null]
[627,Jareb,Bowstead,jbowsteadhe@wufoo.com,Male,null,null]
[628,Damian,Selwyne,dselwynehf@diigo.com,Male,null,null]
[629,Candide,Stanger,cstangerhg@bloomberg.com,Female,null,null]
[630,Timothee,Polino,tpolinohh@feedburner.com,Male,null,null]
[631,Mercedes,Ranscomb,mranscombhi@indiatimes.com,Female,null,null]
[632,Ingemar,Pawson,ipawsonhj@baidu.com,Male,null,null]
[633,Bell,Barbara,bbarbarahk@ca.gov,Polygender,null,null]
[634,Dicky,Senner,dsennerhl@guardian.co.uk,Male,null,null]
[635,Brennan,Westgate,bwestgatehm@ihg.com,Male,null,null]
[636,Gawain,Beggs,gbeggshn@tumblr.com,Male,null,null]
[637,Rufe,Pantin,rpantinho@youtu.be,Male,null,null]
[638,Damiano,Parell,dparellhp@wordpress.com,Male,null,null]
[639,Jeffry,Yes,jyeshq@goo.gl,Male,null,null]
[640,Clare,Dashwood,cdashwoodhr@fotki.com,Female,null,null]
[641,Rudy,Fitchett,rfitchetths@t.co,Male,null,null]
[642,Melvyn,Hunnybun,mhunnybunht@dailymail.co.uk,Male,null,null]
[643,Gibb,Rabbitts,grabbittshu@discuz.net,Male,null,null]
[644,Buffy,Harburtson,bharburtsonhv@myspace.com,Bigender,null,null]
[645,Ingaberg,Elcoat,ielcoathw@ox.ac.uk,Female,null,null]
[646,Brendis,Waything,bwaythinghx@skyrock.com,Male,null,null]
[647,Mollie,Ferrarello,mferrarellohy@youku.com,Female,null,null]
[648,Cristie,Brunelli,cbrunellihz@woothemes.com,Female,null,null]
[649,Cristi,Hickisson,chickissoni0@mit.edu,Bigender,null,null]
[650,Vonni,Josephoff,vjosephoffi1@wikipedia.org,Female,null,null]
[651,Duane,Breinl,dbreinli2@free.fr,Male,null,null]
[652,Loralyn,Reddan,lreddani3@washingtonpost.com,Female,null,null]
[653,Gilbert,Tonge,gtongei4@reddit.com,Male,null,null]
[654,Odelinda,Jillings,ojillingsi5@freewebs.com,Female,null,null]
[655,Fawne,Brobyn,fbrobyni6@macromedia.com,Female,null,null]
[656,Marlo,Daton,mdatoni7@eepurl.com,Male,null,null]
[657,Twila,Baldini,tbaldinii8@baidu.com,Female,null,null]
[658,Kasper,Wettern,kwetterni9@jiathis.com,Male,null,null]
[659,Lavina,Deering,ldeeringia@hao123.com,Female,null,null]
[660,Heinrik,Aspy,haspyib@netscape.com,Male,null,null]
[661,Sibylla,Gruczka,sgruczkaic@mapy.cz,Female,null,null]
[662,Ennis,Mattsson,emattssonid@paypal.com,Male,null,null]
[663,Dexter,Agerskow,dagerskowie@edublogs.org,Male,null,null]
[664,Keven,Golds,kgoldsif@diigo.com,Male,null,null]
[665,Tremaine,Orteu,torteuig@hostgator.com,Male,null,null]
[666,Edi,Wooddisse,ewooddisseih@over-blog.com,Female,null,null]
[667,Freida,Kramer,fkramerii@purevolume.com,Female,null,null]
[668,Timothee,Jendrassik,tjendrassikij@imdb.com,Male,null,null]
[669,Orelee,Haquin,ohaquinik@tripod.com,Female,null,null]
[670,Madalena,Bresson,mbressonil@merriam-webster.com,Non-binary,null,null]
[671,Pavia,Hacquard,phacquardim@photobucket.com,Female,null,null]
[672,Marjie,Sommerlie,msommerliein@ted.com,Female,null,null]
[673,Clementius,Bidwell,cbidwellio@creativecommons.org,Male,null,null]
[674,Timothee,Pyson,tpysonip@spotify.com,Male,null,null]
[675,Tuckie,Howlett,thowlettiq@privacy.gov.au,Male,null,null]
[676,Pembroke,Jiggen,pjiggenir@scribd.com,Male,null,null]
[677,Terri,Paynes,tpaynesis@angelfire.com,Male,null,null]
[678,Marlee,Leah,mleahit@booking.com,Female,null,null]
[679,Oswell,Wilkennson,owilkennsoniu@wired.com,Agender,null,null]
[680,Kimberlyn,Deane,kdeaneiv@foxnews.com,Female,null,null]
[681,Chicky,Roskeilly,croskeillyiw@wix.com,Male,null,null]
[682,Lynnette,Caldaro,lcaldaroix@github.com,Female,null,null]
[683,Augustin,Guye,aguyeiy@eepurl.com,Genderfluid,null,null]
[684,Wolf,Meneo,wmeneoiz@amazon.co.uk,Male,null,null]
[685,Eldridge,Ungerecht,eungerechtj0@google.com,Male,null,null]
[686,Elia,Peters,epetersj1@theguardian.com,Male,null,null]
[687,Niall,Minogue,nminoguej2@china.com.cn,Male,null,null]
[688,Lenna,Sigge,lsiggej3@ihg.com,Non-binary,null,null]
[689,Kerr,Yanuk,kyanukj4@tumblr.com,Male,null,null]
[690,Brooke,Gooch,bgoochj5@ehow.com,Female,null,null]
[691,Vern,Gabrieli,vgabrielij6@miibeian.gov.cn,Male,null,null]
[692,Tammara,Willden,twilldenj7@squarespace.com,Female,null,null]
[693,Rainer,Huggard,rhuggardj8@jugem.jp,Male,null,null]
[694,Kerrin,Brodhead,kbrodheadj9@clickbank.net,Female,null,null]
[695,Sonya,Menier,smenierja@sina.com.cn,Female,null,null]
[696,Aarika,Jewson,ajewsonjb@scientificamerican.com,Female,null,null]
[697,Isador,Lonnon,ilonnonjc@cisco.com,Male,null,null]
[698,Noella,Cotta,ncottajd@nhs.uk,Female,null,null]
[699,Georgeanne,Deerness,gdeernessje@bluehost.com,Bigender,null,null]
[700,Vanya,Fearnill,vfearnilljf@ihg.com,Bigender,null,null]
[701,Lanny,Maxwaile,lmaxwailejg@live.com,Polygender,null,null]
[702,Leoine,MacGebenay,lmacgebenayjh@adobe.com,Female,null,null]
[703,Colas,Ivatts,civattsji@umn.edu,Male,null,null]
[704,Gray,Schwieso,gschwiesojj@alexa.com,Male,null,null]
[705,Josselyn,Gosney,jgosneyjk@taobao.com,Female,null,null]
[706,Annabel,Colliber,acolliberjl@is.gd,Polygender,null,null]
[707,Cherye,Cheeney,ccheeneyjm@umich.edu,Female,null,null]
[708,Giacobo,Entres,gentresjn@kickstarter.com,Male,null,null]
[709,Reade,Friedank,rfriedankjo@clickbank.net,Male,null,null]
[710,Marven,Szubert,mszubertjp@wired.com,Male,null,null]
[711,Margarette,Wisher,mwisherjq@photobucket.com,Female,null,null]
[712,Alis,Korn,akornjr@bluehost.com,Female,null,null]
[713,Ruy,Bromwich,rbromwichjs@de.vu,Male,null,null]
[714,Kathlin,Kinnerley,kkinnerleyjt@ucoz.com,Female,null,null]
[715,Katrina,Arstingall,karstingallju@tinyurl.com,Female,null,null]
[716,Cassandra,Gwinnett,cgwinnettjv@yahoo.com,Female,null,null]
[717,Allen,Nattriss,anattrissjw@walmart.com,Male,null,null]
[718,Annabal,Rachuig,arachuigjx@nationalgeographic.com,Female,null,null]
[719,Nixie,Pietzke,npietzkejy@abc.net.au,Female,null,null]
[720,Lorianne,Shepton,lsheptonjz@cornell.edu,Genderqueer,null,null]
[721,Gayle,Cayle,gcaylek0@blogger.com,Genderfluid,null,null]
[722,Corney,Loody,cloodyk1@homestead.com,Male,null,null]
[723,Vernen,Garahan,vgarahank2@usgs.gov,Male,null,null]
[724,Hester,Cordelette,hcordelettek3@umich.edu,Female,null,null]
[725,Korry,Mosen,kmosenk4@yale.edu,Female,null,null]
[726,Joshuah,Chadderton,jchaddertonk5@gmpg.org,Male,null,null]
[727,Montgomery,Cornbell,mcornbellk6@macromedia.com,Male,null,null]
[728,Simone,Kervin,skervink7@unblog.fr,Female,null,null]
[729,Kaja,Parkes,kparkesk8@dailymail.co.uk,Female,null,null]
[730,Ami,Daveley,adaveleyk9@microsoft.com,Female,null,null]
[731,Margaretta,Currell,mcurrellka@cornell.edu,Female,null,null]
[732,Madison,Rexworthy,mrexworthykb@t.co,Male,null,null]
[733,Ragnar,Macy,rmacykc@cam.ac.uk,Bigender,null,null]
[734,Mose,De Malchar,mdemalcharkd@upenn.edu,Male,null,null]
[735,Porty,Hatcher,phatcherke@storify.com,Male,null,null]
[736,Avictor,Ripping,arippingkf@newsvine.com,Male,null,null]
[737,Livvy,Label,llabelkg@home.pl,Female,null,null]
[738,Barbey,Olivet,bolivetkh@bizjournals.com,Female,null,null]
[739,Tommie,Lightowler,tlightowlerki@latimes.com,Male,null,null]
[740,Elspeth,Geeves,egeeveskj@deviantart.com,Female,null,null]
[741,Jerrold,FitzAlan,jfitzalankk@exblog.jp,Male,null,null]
[742,Hildegaard,Byfford,hbyffordkl@csmonitor.com,Female,null,null]
[743,Georges,Eddowes,geddoweskm@constantcontact.com,Non-binary,null,null]
[744,Carlina,Stranger,cstrangerkn@unc.edu,Female,null,null]
[745,Janeva,Yeowell,jyeowellko@usnews.com,Female,null,null]
[746,Carlynne,Dachey,cdacheykp@oaic.gov.au,Female,null,null]
[747,Laurens,Maren,lmarenkq@163.com,Male,null,null]
[748,Violette,Warrener,vwarrenerkr@1und1.de,Female,null,null]
[749,Larissa,Haily,lhailyks@netscape.com,Female,null,null]
[750,Trudey,Edmondson,tedmondsonkt@unc.edu,Female,null,null]
[751,Netta,Wyard,nwyardku@hc360.com,Female,null,null]
[752,Othella,Tear,otearkv@wired.com,Female,null,null]
[753,Malena,Paragreen,mparagreenkw@virginia.edu,Female,null,null]
[754,Arch,Rantoul,arantoulkx@yellowpages.com,Male,null,null]
[755,Tori,Bapty,tbaptyky@woothemes.com,Female,null,null]
[756,Marylynne,Juggings,mjuggingskz@instagram.com,Female,null,null]
[757,Jessika,McPheat,jmcpheatl0@dagondesign.com,Female,null,null]
[758,Mavis,Odda,moddal1@1688.com,Female,null,null]
[759,Franni,Bechley,fbechleyl2@mail.ru,Female,null,null]
[760,Lionel,Gimlet,lgimletl3@etsy.com,Male,null,null]
[761,Kati,Zamorrano,kzamorranol4@japanpost.jp,Female,null,null]
[762,Randi,Epine,repinel5@sun.com,Male,null,null]
[763,Callean,Rzehor,crzehorl6@wordpress.com,Male,null,null]
[764,Parker,Pavey,ppaveyl7@army.mil,Male,null,null]
[765,Lotty,Habgood,lhabgoodl8@comsenz.com,Female,null,null]
[766,Helyn,Skippon,hskipponl9@vk.com,Female,null,null]
[767,Joaquin,Aldridge,jaldridgela@businesswire.com,Non-binary,null,null]
[768,Jethro,Daws,jdawslb@odnoklassniki.ru,Male,null,null]
[769,Mohandis,Dable,mdablelc@salon.com,Male,null,null]
[770,Stephen,Yakebovich,syakebovichld@mashable.com,Male,null,null]
[771,Tremain,Rignoldes,trignoldesle@nba.com,Male,null,null]
[772,Morse,Itzkovich,mitzkovichlf@google.de,Polygender,null,null]
[773,Phelia,Gameson,pgamesonlg@etsy.com,Female,null,null]
[774,Jameson,Rown,jrownlh@sitemeter.com,Male,null,null]
[775,Gaylene,Dellit,gdellitli@arizona.edu,Female,null,null]
[776,Zedekiah,Mowling,zmowlinglj@imageshack.us,Male,null,null]
[777,Beulah,Discombe,bdiscombelk@ezinearticles.com,Female,null,null]
[778,Gisela,Polack,gpolackll@ca.gov,Non-binary,null,null]
[779,Doralynne,Maxstead,dmaxsteadlm@va.gov,Non-binary,null,null]
[780,Clevey,Caldaro,ccaldaroln@feedburner.com,Male,null,null]
[781,Hedvig,Sorrie,hsorrielo@reverbnation.com,Female,null,null]
[782,Emma,Risebrow,erisebrowlp@cbslocal.com,Female,null,null]
[783,Elmer,Bascomb,ebascomblq@live.com,Male,null,null]
[784,Rakel,MacDonagh,rmacdonaghlr@domainmarket.com,Female,null,null]
[785,Emilia,MacHarg,emachargls@foxnews.com,Female,null,null]
[786,Joya,Delafont,jdelafontlt@discuz.net,Female,null,null]
[787,Rosalinde,Tallboy,rtallboylu@blogspot.com,Female,null,null]
[788,Allina,Craster,acrasterlv@tumblr.com,Female,null,null]
[789,Renard,Boig,rboiglw@youtu.be,Agender,null,null]
[790,Eve,Klejin,eklejinlx@unicef.org,Female,null,null]
[791,Prentice,Iowarch,piowarchly@domainmarket.com,Male,null,null]
[792,Carleton,Cranfield,ccranfieldlz@noaa.gov,Male,null,null]
[793,Humphrey,Barok,hbarokm0@livejournal.com,Male,null,null]
[794,Korrie,McPaike,kmcpaikem1@dell.com,Female,null,null]
[795,Kitti,Doret,kdoretm2@newyorker.com,Female,null,null]
[796,Blane,Wagner,bwagnerm3@nasa.gov,Male,null,null]
[797,Marcelle,Cromett,mcromettm4@about.me,Female,null,null]
[798,Grissel,Furney,gfurneym5@furl.net,Female,null,null]
[799,Alli,Kenen,akenenm6@nature.com,Female,null,null]
[800,Peyter,Gorriessen,pgorriessenm7@sfgate.com,Male,null,null]
[801,Margareta,Frankland,mfranklandm8@imdb.com,Female,null,null]
[802,Suzi,Bohler,sbohlerm9@mashable.com,Female,null,null]
[803,Richie,Bracco,rbraccoma@utexas.edu,Male,null,null]
[804,Worden,Axe,waxemb@ycombinator.com,Male,null,null]
[805,Caralie,Herreros,cherrerosmc@163.com,Female,null,null]
[806,Neron,Schottli,nschottlimd@cnbc.com,Male,null,null]
[807,Rusty,Proger,rprogerme@prlog.org,Male,null,null]
[808,Carley,Kosel,ckoselmf@dagondesign.com,Female,null,null]
[809,Ronnica,Kos,rkosmg@sohu.com,Female,null,null]
[810,Karissa,Averill,kaverillmh@reuters.com,Bigender,null,null]
[811,Dion,Cussins,dcussinsmi@facebook.com,Male,null,null]
[812,Rurik,Snawdon,rsnawdonmj@upenn.edu,Male,null,null]
[813,Aguste,Vedishchev,avedishchevmk@tamu.edu,Male,null,null]
[814,Wanids,Piatti,wpiattiml@icio.us,Female,null,null]
[815,Ariel,Sheringham,asheringhammm@wikia.com,Male,null,null]
[816,Harriet,Restieaux,hrestieauxmn@imgur.com,Female,null,null]
[817,Edik,Savil,esavilmo@nature.com,Male,null,null]
[818,Janenna,O'Fihily,jofihilymp@51.la,Bigender,null,null]
[819,Luz,Bunton,lbuntonmq@china.com.cn,Female,null,null]
[820,Sherry,Kauble,skaublemr@amazon.de,Female,null,null]
[821,Giana,Samter,gsamterms@paginegialle.it,Female,null,null]
[822,Thornie,Hawney,thawneymt@imageshack.us,Male,null,null]
[823,Harlin,Tuxill,htuxillmu@princeton.edu,Male,null,null]
[824,Susette,Hurran,shurranmv@t-online.de,Female,null,null]
[825,Tally,Bourdon,tbourdonmw@w3.org,Male,null,null]
[826,Ursola,Kynston,ukynstonmx@huffingtonpost.com,Female,null,null]
[827,Charlotta,Fabry,cfabrymy@globo.com,Female,null,null]
[828,Salomone,Smoughton,ssmoughtonmz@weebly.com,Male,null,null]
[829,Ellary,Kennsley,ekennsleyn0@zimbio.com,Male,null,null]
[830,Briny,Demeter,bdemetern1@example.com,Female,null,null]
[831,Temp,Lortzing,tlortzingn2@epa.gov,Genderfluid,null,null]
[832,Isiahi,McGing,imcgingn3@hao123.com,Male,null,null]
[833,Alan,Osgardby,aosgardbyn4@jalbum.net,Bigender,null,null]
[834,Kermy,Micka,kmickan5@tripadvisor.com,Male,null,null]
[835,Steward,Eidler,seidlern6@apple.com,Male,null,null]
[836,Darnall,Gero,dgeron7@shutterfly.com,Male,null,null]
[837,Issie,Sheach,isheachn8@dyndns.org,Female,null,null]
[838,Patrice,Rayson,praysonn9@nifty.com,Female,null,null]
[839,Margret,Goggey,mgoggeyna@elegantthemes.com,Female,null,null]
[840,Fleurette,Garnar,fgarnarnb@canalblog.com,Female,null,null]
[841,Corrinne,Todman,ctodmannc@deviantart.com,Female,null,null]
[842,Romeo,Wingrove,rwingrovend@devhub.com,Male,null,null]
[843,Rosalyn,Fitchet,rfitchetne@house.gov,Female,null,null]
[844,Calvin,Billborough,cbillboroughnf@indiegogo.com,Male,null,null]
[845,Sophi,Daintrey,sdaintreyng@webmd.com,Female,null,null]
[846,Mariel,Linck,mlincknh@phoca.cz,Female,null,null]
[847,Kristos,Kubacek,kkubacekni@nymag.com,Male,null,null]
[848,Madlin,Sarre,msarrenj@macromedia.com,Agender,null,null]
[849,Durward,Yansons,dyansonsnk@bloglovin.com,Male,null,null]
[850,Jerome,Ariss,jarissnl@twitter.com,Male,null,null]
[851,Jinny,Casarino,jcasarinonm@tripod.com,Female,null,null]
[852,Curry,Voce,cvocenn@narod.ru,Bigender,null,null]
[853,Malinde,Mettricke,mmettrickeno@hp.com,Female,null,null]
[854,Jeffry,Ibbotson,jibbotsonnp@nsw.gov.au,Male,null,null]
[855,Fowler,Fink,ffinknq@oaic.gov.au,Male,null,null]
[856,Arman,Gookes,agookesnr@nytimes.com,Male,null,null]
[857,Jack,Comiskey,jcomiskeyns@craigslist.org,Male,null,null]
[858,Devin,Wardley,dwardleynt@addthis.com,Male,null,null]
[859,Florida,Cowdray,fcowdraynu@discuz.net,Female,null,null]
[860,Ennis,Betteriss,ebetterissnv@studiopress.com,Male,null,null]
[861,Ranique,Grushin,rgrushinnw@shinystat.com,Female,null,null]
[862,Natalie,Casarili,ncasarilinx@simplemachines.org,Female,null,null]
[863,Pris,Arondel,parondelny@printfriendly.com,Female,null,null]
[864,Jeanette,MacCallam,jmaccallamnz@sbwire.com,Female,null,null]
[865,Kingsly,Mayoral,kmayoralo0@mlb.com,Male,null,null]
[866,Raina,Dawdry,rdawdryo1@4shared.com,Female,null,null]
[867,Johann,Steptow,jsteptowo2@tiny.cc,Male,null,null]
[868,Auria,Matskevich,amatskevicho3@hp.com,Female,null,null]
[869,Rosetta,Denge,rdengeo4@europa.eu,Female,null,null]
[870,Terry,Linklater,tlinklatero5@fastcompany.com,Female,null,null]
[871,Mattie,Trustie,mtrustieo6@thetimes.co.uk,Female,null,null]
[872,Kristopher,Cosans,kcosanso7@youtube.com,Genderqueer,null,null]
[873,Dorisa,Gell,dgello8@fastcompany.com,Female,null,null]
[874,Jamaal,Lindhe,jlindheo9@go.com,Male,null,null]
[875,Marleen,Tyreman,mtyremanoa@xinhuanet.com,Female,null,null]
[876,Gib,Jindracek,gjindracekob@mapquest.com,Male,null,null]
[877,Erhart,Nunnerley,enunnerleyoc@diigo.com,Male,null,null]
[878,Carlos,Jacobsz,cjacobszod@lulu.com,Male,null,null]
[879,Kaile,Maghull,kmaghulloe@wikispaces.com,Polygender,null,null]
[880,Quintina,Kielty,qkieltyof@utexas.edu,Female,null,null]
[881,Nonah,Klimochkin,nklimochkinog@tinypic.com,Female,null,null]
[882,Aeriell,Gibbie,agibbieoh@a8.net,Female,null,null]
[883,Molly,Duffree,mduffreeoi@senate.gov,Female,null,null]
[884,Randolf,Romanet,rromanetoj@house.gov,Male,null,null]
[885,Renault,Rapp,rrappok@globo.com,Male,null,null]
[886,Carrissa,Wealleans,cwealleansol@amazon.co.uk,Female,null,null]
[887,Travers,McGettigan,tmcgettiganom@huffingtonpost.com,Male,null,null]
[888,Sampson,Ballantine,sballantineon@paginegialle.it,Male,null,null]
[889,Rand,Buntine,rbuntineoo@ft.com,Male,null,null]
[890,Moshe,Jerdein,mjerdeinop@exblog.jp,Male,null,null]
[891,Angela,Brigham,abrighamoq@usnews.com,Female,null,null]
[892,Prentiss,Copper,pcopperor@xinhuanet.com,Male,null,null]
[893,Joann,Seeking,jseekingos@free.fr,Female,null,null]
[894,Jeremy,Gilardoni,jgilardoniot@example.com,Male,null,null]
[895,Mickie,Wardhaugh,mwardhaughou@theguardian.com,Female,null,null]
[896,Granville,Testo,gtestoov@psu.edu,Male,null,null]
[897,Odelia,Wesker,oweskerow@dropbox.com,Female,null,null]
[898,Graeme,Devericks,gdevericksox@technorati.com,Male,null,null]
[899,Clea,Paulusch,cpauluschoy@feedburner.com,Female,null,null]
[900,Donetta,covino,dcovinooz@si.edu,Agender,null,null]
[901,Claiborne,Isworth,cisworthp0@csmonitor.com,Male,null,null]
[902,Virgie,Pattie,vpattiep1@google.pl,Female,null,null]
[903,Burgess,Klimke,bklimkep2@mysql.com,Male,null,null]
[904,Ian,Duckhouse,iduckhousep3@taobao.com,Male,null,null]
[905,Si,Pentecost,spentecostp4@lulu.com,Male,null,null]
[906,Noland,Fishleigh,nfishleighp5@marriott.com,Male,null,null]
[907,Baxter,Carreyette,bcarreyettep6@opera.com,Male,null,null]
[908,Flem,Barbosa,fbarbosap7@digg.com,Male,null,null]
[909,Marlie,Rogerot,mrogerotp8@behance.net,Female,null,null]
[910,Lida,Foggarty,lfoggartyp9@baidu.com,Female,null,null]
[911,Tony,Kelling,tkellingpa@weibo.com,Male,null,null]
[912,Erek,Crichmer,ecrichmerpb@lulu.com,Agender,null,null]
[913,Pat,Baudesson,pbaudessonpc@upenn.edu,Genderfluid,null,null]
[914,Johnathan,Warbrick,jwarbrickpd@livejournal.com,Male,null,null]
[915,Rosita,Meek,rmeekpe@mlb.com,Female,null,null]
[916,Hillel,Gobbett,hgobbettpf@nbcnews.com,Male,null,null]
[917,Carry,Evill,cevillpg@wikia.com,Female,null,null]
[918,Godfry,Tarquini,gtarquiniph@google.cn,Male,null,null]
[919,Lu,Stonehouse,lstonehousepi@sbwire.com,Female,null,null]
[920,Linette,Ordidge,lordidgepj@patch.com,Female,null,null]
[921,Jan,Donnel,jdonnelpk@disqus.com,Polygender,null,null]
[922,Lawrence,Kob,lkobpl@house.gov,Agender,null,null]
[923,Diane,Bridgewood,dbridgewoodpm@drupal.org,Female,null,null]
[924,Farlee,Wybrow,fwybrowpn@amazon.com,Male,null,null]
[925,Fredric,Collihole,fcolliholepo@eventbrite.com,Male,null,null]
[926,Felecia,Baumert,fbaumertpp@plala.or.jp,Bigender,null,null]
[927,Zarah,Le Sarr,zlesarrpq@nasa.gov,Female,null,null]
[928,Siegfried,Bridgewood,sbridgewoodpr@1688.com,Male,null,null]
[929,Karleen,Oxton,koxtonps@tuttocitta.it,Female,null,null]
[930,Massimiliano,Autin,mautinpt@github.io,Male,null,null]
[931,Benedict,Philippson,bphilippsonpu@sphinn.com,Male,null,null]
[932,Teddi,Capron,tcapronpv@storify.com,Female,null,null]
[933,Enrica,Strainge,estraingepw@state.gov,Female,null,null]
[934,Bartholemy,Glenwright,bglenwrightpx@google.com,Male,null,null]
[935,Dorie,Noads,dnoadspy@opensource.org,Female,null,null]
[936,Ann-marie,Rohlfs,arohlfspz@imdb.com,Female,null,null]
[937,Otha,Rotter,orotterq0@eepurl.com,Genderqueer,null,null]
[938,Helaine,Clapperton,hclappertonq1@blog.com,Female,null,null]
[939,Jessy,Mantram,jmantramq2@bing.com,Female,null,null]
[940,Ariela,Naile,anaileq3@pbs.org,Female,null,null]
[941,Archy,Hoodlass,ahoodlassq4@spotify.com,Male,null,null]
[942,Rozanne,McTurk,rmcturkq5@paypal.com,Female,null,null]
[943,Enoch,Sainsberry,esainsberryq6@buzzfeed.com,Male,null,null]
[944,Jeramie,Cuel,jcuelq7@accuweather.com,Genderqueer,null,null]
[945,Janifer,Hillitt,jhillittq8@moonfruit.com,Female,null,null]
[946,Royce,Haspineall,rhaspineallq9@merriam-webster.com,Male,null,null]
[947,Reynold,Durrington,rdurringtonqa@lulu.com,Male,null,null]
[948,Libbie,Guerri,lguerriqb@independent.co.uk,Female,null,null]
[949,Morie,Parris,mparrisqc@merriam-webster.com,Male,null,null]
[950,Amandi,Sinclaire,asinclaireqd@auda.org.au,Female,null,null]
[951,Jameson,Gaynesford,jgaynesfordqe@reddit.com,Male,null,null]
[952,Korrie,Heckner,khecknerqf@yolasite.com,Female,null,null]
[953,Daloris,Cousans,dcousansqg@barnesandnoble.com,Female,null,null]
[954,Bearnard,Capron,bcapronqh@instagram.com,Male,null,null]
[955,Jennilee,Tribell,jtribellqi@4shared.com,Genderfluid,null,null]
[956,Hildegarde,Gudyer,hgudyerqj@netvibes.com,Female,null,null]
[957,Gaven,Thies,gthiesqk@smugmug.com,Male,null,null]
[958,Renelle,Dahlbom,rdahlbomql@newyorker.com,Female,null,null]
[959,Emerson,Josefer,ejoseferqm@reddit.com,Male,null,null]
[960,Ilaire,Ahrenius,iahreniusqn@freewebs.com,Male,null,null]
[961,Verge,Mattack,vmattackqo@goo.gl,Male,null,null]
[962,Yankee,Vardey,yvardeyqp@wired.com,Male,null,null]
[963,Ellery,Paulo,epauloqq@apple.com,Non-binary,null,null]
[964,Alexander,Swynley,aswynleyqr@creativecommons.org,Genderqueer,null,null]
[965,Binky,Gencke,bgenckeqs@oracle.com,Male,null,null]
[966,Heinrick,Koppen,hkoppenqt@gravatar.com,Genderqueer,null,null]
[967,Dione,Kitteringham,dkitteringhamqu@wordpress.com,Female,null,null]
[968,Cordie,Hansford,chansfordqv@apple.com,Genderqueer,null,null]
[969,Fabe,Feaveer,ffeaveerqw@scribd.com,Male,null,null]
[970,Chrysa,Calderon,ccalderonqx@behance.net,Female,null,null]
[971,Kienan,Mullins,kmullinsqy@privacy.gov.au,Male,null,null]
[972,Florri,Bernardez,fbernardezqz@nsw.gov.au,Female,null,null]
[973,Rubin,Burcombe,rburcomber0@twitter.com,Male,null,null]
[974,Davin,Dowderswell,ddowderswellr1@foxnews.com,Male,null,null]
[975,Jaimie,Davey,jdaveyr2@prlog.org,Male,null,null]
[976,Bradly,Bamsey,bbamseyr3@tiny.cc,Male,null,null]
[977,Mano,Dawidsohn,mdawidsohnr4@tiny.cc,Male,null,null]
[978,Melissa,Heathcote,mheathcoter5@edublogs.org,Female,null,null]
[979,Isadore,Stollman,istollmanr6@yahoo.com,Male,null,null]
[980,Petrina,Bischoff,pbischoffr7@youku.com,Female,null,null]
[981,Bobette,Lowrie,blowrier8@gizmodo.com,Female,null,null]
[982,Stavros,Rizzardini,srizzardinir9@mysql.com,Male,null,null]
[983,Queenie,Bucknill,qbucknillra@webnode.com,Female,null,null]
[984,Ruthi,Froom,rfroomrb@slideshare.net,Female,null,null]
[985,Millisent,Rickett,mrickettrc@reddit.com,Female,null,null]
[986,Chrysa,Mourton,cmourtonrd@geocities.jp,Female,null,null]
[987,Cordelie,Brissenden,cbrissendenre@telegraph.co.uk,Female,null,null]
[988,Mathilda,Maymond,mmaymondrf@sitemeter.com,Female,null,null]
[989,Carole,Krysztofiak,ckrysztofiakrg@amazon.com,Female,null,null]
[990,Lucky,Royans,lroyansrh@whitehouse.gov,Female,null,null]
[991,Hammad,Britt,hbrittri@mashable.com,Male,null,null]
[992,Michal,Zute,mzuterj@ucoz.ru,Male,null,null]
[993,Otho,Moye,omoyerk@craigslist.org,Male,null,null]
[994,Rochell,Pond,rpondrl@gravatar.com,Female,null,null]
[995,Pyotr,Souster,psousterrm@apache.org,Male,null,null]
[996,Kinsley,Bromley,kbromleyrn@hc360.com,Male,null,null]
[997,Carling,Brobyn,cbrobynro@epa.gov,Male,null,null]
[998,Karylin,Wainscoat,kwainscoatrp@ox.ac.uk,Female,null,null]
[999,Christy,Hawken,chawkenrq@goodreads.com,Bigender,null,null]
[1000,Lucia,Koche,lkocherr@blogs.com,Female,null,null]
