"1,Dorothee,dkyneton0@dmoz.org,Product Management"
"2,Flori,fjachtym1@about.com,Human Resources"
"3,Michelina,mjerrom2@spiegel.de,Engineering"
"4,Justinian,jlongega3@dailymail.co.uk,Accounting"
"5,Lia,lmccritchie4@exblog.jp,Business Development"
"6,Tudor,tupshall5@wikia.com,Engineering"
"7,Cordie,calsford6@i2i.jp,Product Management"
"8,Fina,fjenkin7@narod.ru,Legal"
"9,Matty,mmeasen8@sourceforge.net,Sales"
"10,Brunhilde,bwalling9@google.com.br,Support"
"11,Levin,ltotaroa@reddit.com,Engineering"
"12,Dominica,dmesserb@deviantart.com,Training"
"13,Elise,eeroniec@ocn.ne.jp,Product Management"
"14,Tedi,tgudemand@vk.com,Legal"
"15,Teri,tmoense@vistaprint.com,Services"
"16,Robin,rliveseyf@discovery.com,Product Management"
"17,Dorris,dbirneyg@pbs.org,Sales"
"18,Ally,afolomkinh@marketwatch.com,Engineering"
"19,Kip,kphayrei@cdc.gov,Engineering"
"20,Sebastiano,smckinnonj@ucsd.edu,Product Management"
"21,Berenice,bbunnellk@nytimes.com,Support"
"22,Brianna,bbagotl@soundcloud.com,Support"
"23,Arvie,aiacobuccim@cbsnews.com,Legal"
"24,Vincent,vhaycraftn@ning.com,Accounting"
"25,Florri,fabelwhiteo@sphinn.com,Research and Development"
"26,Sigismund,smerrinp@ning.com,Engineering"
"27,Addy,atakosq@cmu.edu,Support"
"28,Eleanor,epinnickr@wikia.com,Accounting"
"29,Natalie,nduckerings@amazonaws.com,Business Development"
"30,Sabina,scircuittt@tumblr.com,Sales"
"31,Granthem,gcleatoru@oakley.com,Services"
"32,Wheeler,wmatejicv@bloomberg.com,Engineering"
"33,Cleve,ccostonw@simplemachines.org,Product Management"
"34,Ladonna,lmckeanx@php.net,Marketing"
"35,Sidney,stidswelly@oracle.com,Legal"
"36,Hanni,hswindellsz@hatena.ne.jp,Product Management"
"37,Dorrie,dabthorpe10@princeton.edu,Services"
"38,Valle,vsleightholme11@quantcast.com,Accounting"
"39,Irena,ifrankling12@a8.net,Support"
"40,Tadio,tprue13@gmpg.org,Legal"
"41,Nerty,nmolson14@columbia.edu,Research and Development"
"42,Aubry,acornwall15@webnode.com,Accounting"
"43,Alberta,awards16@cocolog-nifty.com,Legal"
"44,Giraud,gkilborn17@privacy.gov.au,Accounting"
"45,Cecily,cdenyukhin18@weebly.com,Engineering"
"46,Dorri,dsedgman19@sciencedaily.com,Accounting"
"47,Neille,nsettle1a@washingtonpost.com,Training"
"48,Tandie,tmacilory1b@va.gov,Training"
"49,Amalle,adeclerq1c@usgs.gov,Engineering"
"50,Caddric,cdenyer1d@tripod.com,Marketing"
